disbursement_id,project_id,paid_on,amount_usd,category
1,2,2014-03-24,55832.99,training
2,1,2014-03-31,45496.00,consultancy
3,1,2014-05-01,58040.36,travel
4,2,2014-06-01,40798.15,equipment
5,4,2014-06-04,57955.25,travel
6,4,2014-06-20,57459.50,training
7,1,2014-06-25,82507.51,grants
8,4,2014-06-27,43370.56,travel
9,3,2014-07-03,33310.68,personnel
10,4,2014-10-16,38194.09,equipment
11,1,2014-10-20,68259.57,equipment
12,4,2014-11-29,21984.57,travel
13,1,2014-12-02,23886.28,equipment
14,4,2014-12-21,52098.25,grants
15,4,2015-01-13,18189.48,personnel
16,1,2015-02-05,34559.11,training
17,7,2015-02-07,39598.17,grants
18,4,2015-02-21,12244.13,equipment
19,4,2015-02-27,16843.53,grants
20,8,2015-02-27,24778.67,consultancy
21,2,2015-03-09,31996.55,grants
22,4,2015-03-31,22928.73,travel
23,7,2015-04-02,49858.51,personnel
24,2,2015-04-03,38419.15,grants
25,1,2015-04-05,49427.54,personnel
26,8,2015-04-05,21540.22,consultancy
27,8,2015-04-05,21540.22,consultancy
28,1,2015-04-10,23984.57,consultancy
29,4,2015-04-14,54494.45,travel
30,6,2015-04-17,70720.05,grants
31,9,2015-04-19,89739.74,equipment
32,6,2015-04-20,66171.30,personnel
33,5,2015-05-17,19450.32,consultancy
34,7,2015-05-27,68391.31,personnel
35,7,2015-05-28,44975.94,grants
36,4,2015-06-11,39273.31,travel
37,8,2015-06-14,67642.72,grants
38,7,2015-06-26,33750.35,equipment
39,4,2015-07-05,20975.34,grants
40,7,2015-07-16,69041.62,consultancy
41,7,2015-07-21,38712.28,equipment
42,11,2015-08-02,41816.37,personnel
43,6,2015-08-04,20266.98,personnel
44,11,2015-08-12,69920.39,consultancy
45,10,2015-08-21,20546.70,grants
46,10,2015-08-28,43238.33,personnel
47,12,2015-08-28,50631.39,consultancy
48,12,2015-08-31,64024.44,personnel
49,1,2015-09-05,46178.78,training
50,11,2015-09-06,19605.96,personnel
51,4,2015-09-13,60098.54,grants
52,10,2015-09-17,50847.15,personnel
53,12,2015-09-23,61982.52,training
54,4,2015-09-24,60947.20,equipment
55,9,2015-09-24,80733.26,grants
56,9,2015-09-29,39917.58,consultancy
57,13,2015-09-29,42044.29,equipment
58,12,2015-10-05,80211.28,training
59,11,2015-10-09,65386.21,grants
60,13,2015-10-12,54408.30,personnel
61,1,2015-10-18,39419.36,personnel
62,8,2015-10-18,43711.20,grants
63,1,2015-10-21,86230.19,personnel
64,11,2015-10-21,31238.44,consultancy
65,1,2015-10-23,41151.50,travel
66,10,2015-10-23,28175.84,grants
67,13,2015-10-27,57837.51,consultancy
68,13,2015-10-27,59405.35,consultancy
69,4,2015-10-30,51859.89,personnel
70,6,2015-10-31,73354.39,grants
71,13,2015-10-31,14131.60,consultancy
72,10,2015-11-02,49173.85,grants
73,11,2015-11-04,36127.88,training
74,13,2015-11-07,63018.10,grants
75,4,2015-11-09,45087.44,personnel
76,12,2015-11-12,42980.61,travel
77,12,2015-11-13,62039.27,training
78,1,2015-11-16,23700.64,consultancy
79,10,2015-11-23,70819.63,travel
80,7,2015-11-24,48668.32,training
81,12,2015-11-25,73227.45,consultancy
82,12,2015-11-29,42256.30,travel
83,4,2015-11-30,52269.77,equipment
84,12,2015-11-30,68815.19,travel
85,12,2015-12-03,48945.17,consultancy
86,12,2015-12-08,45798.11,consultancy
87,12,2015-12-08,33419.28,grants
88,14,2015-12-15,21691.89,grants
89,10,2015-12-16,29100.42,consultancy
90,10,2015-12-17,78763.53,personnel
91,7,2015-12-24,21773.55,personnel
92,8,2015-12-25,40115.04,equipment
93,11,2015-12-31,73904.90,personnel
94,14,2016-01-07,46546.06,travel
95,11,2016-01-13,65615.60,equipment
96,17,2016-01-14,46505.65,personnel
97,8,2016-01-19,43173.75,travel
98,11,2016-01-22,20537.46,consultancy
99,11,2016-01-23,31654.42,grants
100,1,2016-01-25,69325.13,grants
101,8,2016-01-26,64839.36,grants
102,1,2016-02-04,51610.07,personnel
103,15,2016-02-05,44370.85,travel
104,2,2016-02-14,15020.57,grants
105,15,2016-02-17,22312.21,personnel
106,8,2016-02-21,34930.75,grants
107,15,2016-02-24,63075.64,consultancy
108,13,2016-02-27,36951.58,personnel
109,15,2016-02-29,46179.68,personnel
110,17,2016-03-01,43274.69,equipment
111,9,2016-03-02,30172.91,grants
112,15,2016-03-02,55833.17,consultancy
113,14,2016-03-09,65021.83,personnel
114,15,2016-03-15,71217.75,consultancy
115,12,2016-03-17,30127.57,grants
116,9,2016-03-18,76461.49,consultancy
117,15,2016-03-25,67170.83,grants
118,15,2016-03-29,33306.18,travel
119,7,2016-03-31,19363.64,consultancy
120,15,2016-04-01,48302.29,grants
121,7,2016-04-05,35966.22,personnel
122,7,2016-04-06,44421.79,travel
123,10,2016-04-06,89870.56,grants
124,6,2016-04-17,62570.86,personnel
125,11,2016-04-20,41024.49,training
126,15,2016-04-20,22429.03,consultancy
127,15,2016-04-27,72626.68,travel
128,13,2016-05-03,40772.41,personnel
129,15,2016-05-05,18078.22,grants
130,7,2016-05-09,17434.63,personnel
131,15,2016-05-10,40581.82,travel
132,13,2016-05-16,62138.73,training
133,17,2016-05-17,61861.37,personnel
134,12,2016-05-18,77236.78,grants
135,7,2016-05-19,35197.54,equipment
136,13,2016-05-22,13518.22,personnel
137,15,2016-05-22,20426.60,grants
138,8,2016-05-31,14288.06,personnel
139,13,2016-06-05,53103.70,personnel
140,7,2016-06-09,64258.80,equipment
141,8,2016-06-11,74146.47,equipment
142,20,2016-06-14,39773.38,travel
143,11,2016-06-17,17432.28,personnel
144,15,2016-06-18,59045.96,personnel
145,7,2016-06-22,14323.39,consultancy
146,11,2016-06-23,73873.68,grants
147,7,2016-06-25,32536.05,grants
148,10,2016-06-25,52253.71,travel
149,16,2016-06-25,28359.45,grants
150,15,2016-06-27,28513.02,training
151,1,2016-06-29,42404.64,grants
152,14,2016-06-30,62942.36,grants
153,14,2016-07-01,38511.32,travel
154,13,2016-07-02,32821.80,travel
155,12,2016-07-03,22470.63,personnel
156,14,2016-07-05,55868.47,grants
157,22,2016-07-05,61896.63,travel
158,12,2016-07-07,21324.56,personnel
159,12,2016-07-09,30434.23,consultancy
160,13,2016-07-09,40185.97,consultancy
161,15,2016-07-11,43576.70,personnel
162,15,2016-07-11,15292.70,training
163,16,2016-07-12,34759.19,personnel
164,7,2016-07-14,19278.50,equipment
165,3,2016-07-15,65426.68,personnel
166,11,2016-07-25,24045.88,grants
167,11,2016-07-27,44704.77,training
168,7,2016-07-28,25867.71,personnel
169,7,2016-07-31,69228.70,training
170,14,2016-08-01,36584.17,travel
171,15,2016-08-04,51055.75,personnel
172,1,2016-08-06,26330.00,travel
173,13,2016-08-11,59516.77,consultancy
174,15,2016-08-11,21679.94,grants
175,22,2016-08-13,18751.51,grants
176,14,2016-08-14,68190.39,personnel
177,15,2016-08-16,50521.53,equipment
178,10,2016-08-18,76369.71,consultancy
179,13,2016-08-18,63669.51,personnel
180,12,2016-08-21,38498.14,personnel
181,15,2016-08-21,18750.81,personnel
182,13,2016-08-25,50500.89,personnel
183,12,2016-08-27,56144.27,personnel
184,14,2016-08-27,46276.45,personnel
185,13,2016-08-29,13583.38,consultancy
186,13,2016-08-31,21693.71,personnel
187,7,2016-09-04,37968.03,personnel
188,23,2016-09-06,18228.97,equipment
189,17,2016-09-08,15458.93,travel
190,12,2016-09-09,41985.79,consultancy
191,20,2016-09-13,45230.46,consultancy
192,7,2016-09-15,67149.05,equipment
193,15,2016-09-18,31341.12,personnel
194,14,2016-09-21,57637.91,personnel
195,13,2016-09-26,63943.46,consultancy
196,10,2016-09-27,44547.19,travel
197,11,2016-09-28,16369.46,personnel
198,7,2016-10-10,34998.27,personnel
199,22,2016-10-11,46793.84,training
200,14,2016-10-12,30268.33,training
201,7,2016-10-14,57043.50,grants
202,12,2016-10-15,59507.54,training
203,18,2016-10-17,83100.19,consultancy
204,7,2016-10-18,49021.29,personnel
205,3,2016-10-23,71193.06,training
206,22,2016-10-24,26095.20,travel
207,15,2016-10-26,22253.62,grants
208,23,2016-10-30,44372.79,personnel
209,24,2016-11-01,73719.52,consultancy
210,17,2016-11-05,68618.19,equipment
211,20,2016-11-05,19411.17,consultancy
212,12,2016-11-07,20513.49,consultancy
213,5,2016-11-12,55593.70,grants
214,12,2016-11-12,40329.34,personnel
215,19,2016-11-12,18952.21,travel
216,12,2016-11-15,71682.76,grants
217,15,2016-11-15,15959.32,consultancy
218,15,2016-11-22,30506.62,equipment
219,15,2016-11-24,25863.45,grants
220,21,2016-11-24,17146.94,travel
221,16,2016-11-28,30742.35,consultancy
222,10,2016-12-02,53171.65,grants
223,25,2016-12-02,62838.88,consultancy
224,15,2016-12-06,52743.05,training
225,10,2016-12-07,39776.27,consultancy
226,18,2016-12-07,47362.05,personnel
227,16,2016-12-11,65855.87,consultancy
228,1,2016-12-12,63465.11,training
229,22,2016-12-12,41428.89,grants
230,1,2016-12-21,74330.42,personnel
231,14,2016-12-25,35139.52,travel
232,2,2016-12-26,18664.47,consultancy
233,26,2016-12-26,41708.12,personnel
234,5,2016-12-27,96760.17,personnel
235,2,2016-12-30,22284.62,personnel
236,13,2016-12-30,59144.84,personnel
237,15,2016-12-30,47565.72,grants
238,24,2016-12-31,80666.03,grants
239,13,2017-01-03,19275.26,personnel
240,3,2017-01-06,21525.21,grants
241,25,2017-01-06,29033.38,grants
242,26,2017-01-08,58728.91,equipment
243,26,2017-01-08,58728.91,equipment
244,20,2017-01-11,45451.61,training
245,25,2017-01-21,21156.09,training
246,16,2017-01-24,60784.79,consultancy
247,24,2017-01-24,23023.76,equipment
248,12,2017-02-02,75068.99,grants
249,25,2017-02-02,13193.19,training
250,13,2017-02-03,26274.81,personnel
251,16,2017-02-04,58909.92,grants
252,9,2017-02-05,22374.78,equipment
253,12,2017-02-05,64237.14,training
254,13,2017-02-07,48877.09,personnel
255,13,2017-02-07,13695.87,grants
256,14,2017-02-08,30681.75,grants
257,10,2017-02-15,81372.36,equipment
258,16,2017-02-15,48141.70,grants
259,10,2017-02-21,43804.36,equipment
260,14,2017-02-23,68514.36,personnel
261,26,2017-02-27,35197.31,equipment
262,13,2017-03-01,31851.16,equipment
263,14,2017-03-01,49194.52,consultancy
264,10,2017-03-03,26987.30,consultancy
265,9,2017-03-04,51714.27,personnel
266,14,2017-03-06,27900.48,grants
267,24,2017-03-06,24939.54,training
268,13,2017-03-10,22566.53,personnel
269,14,2017-03-10,24895.09,grants
270,26,2017-03-15,50197.03,grants
271,14,2017-03-16,49579.03,equipment
272,24,2017-03-21,26109.65,travel
273,13,2017-03-28,42806.79,equipment
274,11,2017-04-01,24422.86,personnel
275,16,2017-04-01,32996.49,training
276,12,2017-04-02,17131.70,consultancy
277,25,2017-04-03,53797.17,consultancy
278,26,2017-04-11,29201.87,grants
279,14,2017-04-15,23574.45,grants
280,11,2017-04-16,74287.91,grants
281,16,2017-04-16,27650.19,personnel
282,12,2017-04-19,36506.02,personnel
283,28,2017-04-23,30704.29,grants
284,16,2017-04-24,64449.97,consultancy
285,1,2017-04-26,77020.38,grants
286,12,2017-04-27,51293.10,training
287,11,2017-04-29,53703.05,equipment
288,28,2017-05-02,72697.74,personnel
289,10,2017-05-03,65914.07,consultancy
290,18,2017-05-04,41761.97,grants
291,23,2017-05-04,40485.20,equipment
292,28,2017-05-16,21723.72,consultancy
293,28,2017-05-24,43939.95,grants
294,20,2017-05-26,16377.22,consultancy
295,24,2017-05-26,47005.53,personnel
296,14,2017-05-31,55022.59,travel
297,24,2017-06-04,36015.03,personnel
298,22,2017-06-06,74590.51,training
299,14,2017-06-13,36753.55,grants
300,16,2017-06-14,14881.77,equipment
301,25,2017-06-14,65914.70,consultancy
302,14,2017-06-17,47178.57,personnel
303,2,2017-06-25,71673.12,travel
304,22,2017-06-25,25841.74,equipment
305,22,2017-06-25,39793.13,personnel
306,26,2017-06-26,31299.70,personnel
307,28,2017-07-04,62130.45,personnel
308,24,2017-07-05,70382.72,consultancy
309,12,2017-07-11,76416.70,training
310,3,2017-07-12,17579.49,training
311,10,2017-07-16,68974.29,personnel
312,22,2017-07-20,56577.48,equipment
313,26,2017-07-20,26096.89,grants
314,14,2017-08-04,42512.14,personnel
315,28,2017-08-04,64578.47,grants
316,28,2017-08-06,71010.70,personnel
317,24,2017-08-08,53373.62,training
318,26,2017-08-16,45302.99,grants
319,28,2017-08-19,73039.96,personnel
320,2,2017-08-23,70717.46,equipment
321,2,2017-08-25,59133.03,grants
322,20,2017-08-26,26234.00,equipment
323,24,2017-08-26,49423.32,personnel
324,14,2017-08-27,15088.23,grants
325,29,2017-08-29,80472.85,personnel
326,26,2017-08-30,55852.23,equipment
327,12,2017-08-31,41853.49,travel
328,24,2017-08-31,19423.36,grants
329,25,2017-09-05,12852.17,personnel
330,5,2017-09-10,57166.20,training
331,12,2017-09-10,66641.17,travel
332,23,2017-09-15,86939.22,travel
333,24,2017-09-19,93742.65,personnel
334,24,2017-09-20,81865.81,travel
335,8,2017-09-25,54537.50,personnel
336,28,2017-09-25,49201.92,consultancy
337,20,2017-09-26,37213.55,equipment
338,29,2017-09-27,21112.93,personnel
339,22,2017-10-03,48912.49,travel
340,23,2017-10-09,52033.69,personnel
341,25,2017-10-10,46487.98,grants
342,22,2017-10-13,55422.32,training
343,26,2017-10-15,42822.63,personnel
344,23,2017-10-17,67326.08,personnel
345,16,2017-10-18,21848.69,equipment
346,26,2017-10-18,21830.61,equipment
347,24,2017-10-21,19440.49,personnel
348,14,2017-10-29,14701.30,travel
349,12,2017-10-31,25745.07,travel
350,32,2017-11-02,56662.24,personnel
351,16,2017-11-05,65284.52,consultancy
352,25,2017-11-06,65805.99,grants
353,28,2017-11-11,69529.79,grants
354,24,2017-11-12,18841.70,equipment
355,16,2017-11-15,67909.05,consultancy
356,24,2017-11-15,41146.94,personnel
357,24,2017-11-17,40838.81,grants
358,27,2017-11-18,55850.66,personnel
359,31,2017-11-19,55713.73,equipment
360,31,2017-11-22,34230.23,travel
361,28,2017-11-23,48655.73,personnel
362,31,2017-11-23,25299.47,personnel
363,20,2017-11-26,36021.48,personnel
364,14,2017-11-27,39779.40,personnel
365,25,2017-12-02,53493.80,personnel
366,14,2017-12-03,67180.67,personnel
367,31,2017-12-11,47001.73,consultancy
368,24,2017-12-12,89873.42,equipment
369,24,2017-12-12,57821.77,training
370,32,2017-12-13,16940.87,personnel
371,6,2017-12-20,43992.73,grants
372,25,2017-12-23,45690.06,personnel
373,24,2017-12-25,97477.99,equipment
374,28,2017-12-28,56681.55,travel
375,24,2018-01-01,17762.24,personnel
376,5,2018-01-02,35115.59,personnel
377,24,2018-01-02,47835.55,consultancy
378,28,2018-01-09,43017.49,travel
379,22,2018-01-14,72749.14,grants
380,26,2018-01-16,57214.93,training
381,33,2018-01-19,57765.92,equipment
382,22,2018-01-24,78302.62,equipment
383,28,2018-01-27,26785.08,training
384,22,2018-01-29,72842.32,grants
385,24,2018-02-04,22364.83,personnel
386,28,2018-02-05,47457.65,consultancy
387,26,2018-02-10,71518.47,consultancy
388,28,2018-02-10,25689.25,consultancy
389,25,2018-02-12,22422.63,travel
390,9,2018-02-17,16690.46,travel
391,26,2018-02-17,84184.49,travel
392,33,2018-02-18,17686.58,personnel
393,10,2018-02-22,45119.67,consultancy
394,6,2018-02-25,25681.65,equipment
395,33,2018-02-25,50781.06,personnel
396,31,2018-02-28,49674.13,training
397,10,2018-03-01,24275.49,personnel
398,20,2018-03-02,31233.82,grants
399,10,2018-03-06,20420.75,personnel
400,32,2018-03-08,46076.20,grants
401,28,2018-03-11,34356.79,training
402,32,2018-03-12,43837.14,consultancy
403,24,2018-03-13,53675.26,training
404,24,2018-03-14,25488.18,training
405,28,2018-03-17,40172.96,equipment
406,25,2018-03-19,34602.16,consultancy
407,26,2018-03-22,34657.45,travel
408,24,2018-03-26,50644.10,personnel
409,9,2018-03-27,16614.82,grants
410,10,2018-03-27,57215.81,travel
411,9,2018-04-01,22036.02,equipment
412,33,2018-04-02,45076.85,personnel
413,19,2018-04-03,20532.81,personnel
414,30,2018-04-03,38323.31,personnel
415,33,2018-04-03,44911.58,equipment
416,25,2018-04-05,61627.23,consultancy
417,22,2018-04-08,63976.48,training
418,24,2018-04-10,76172.93,grants
419,14,2018-04-11,64152.04,travel
420,31,2018-04-11,27702.10,consultancy
421,20,2018-04-17,45855.09,travel
422,33,2018-04-19,59643.30,training
423,31,2018-04-20,24810.67,equipment
424,31,2018-04-24,55025.01,travel
425,22,2018-04-26,65636.43,consultancy
426,26,2018-04-26,44258.04,equipment
427,28,2018-04-26,21999.87,grants
428,32,2018-04-26,43214.19,personnel
429,9,2018-04-27,42650.64,consultancy
430,14,2018-04-27,51036.77,consultancy
431,29,2018-04-29,33773.60,personnel
432,24,2018-05-04,81684.02,equipment
433,33,2018-05-12,49329.92,personnel
434,24,2018-05-14,52459.89,travel
435,16,2018-05-16,53888.38,personnel
436,29,2018-05-18,48767.83,grants
437,20,2018-05-20,24558.20,grants
438,22,2018-05-30,78774.19,training
439,28,2018-05-31,46606.71,training
440,33,2018-05-31,60690.14,consultancy
441,10,2018-06-03,24411.50,grants
442,32,2018-06-07,27902.80,consultancy
443,35,2018-06-07,15184.77,personnel
444,26,2018-06-08,89905.49,training
445,33,2018-06-08,30030.52,personnel
446,35,2018-06-13,28255.21,training
447,36,2018-06-13,69184.93,travel
448,35,2018-06-15,65396.77,consultancy
449,18,2018-06-16,24314.81,training
450,33,2018-06-16,57135.47,consultancy
451,32,2018-06-17,19698.22,equipment
452,22,2018-06-19,32134.15,personnel
453,28,2018-06-19,70692.27,equipment
454,30,2018-06-19,52871.30,equipment
455,32,2018-06-19,32433.06,travel
456,6,2018-06-20,50005.31,consultancy
457,10,2018-06-20,30349.75,personnel
458,35,2018-06-22,18429.80,grants
459,35,2018-06-26,73411.65,grants
460,28,2018-06-27,69105.58,personnel
461,28,2018-06-30,69422.81,training
462,25,2018-07-01,60068.98,personnel
463,29,2018-07-04,34962.69,training
464,20,2018-07-10,59047.85,personnel
465,35,2018-07-10,68335.21,equipment
466,6,2018-07-11,43496.89,equipment
467,31,2018-07-13,11938.88,consultancy
468,35,2018-07-13,66973.48,consultancy
469,25,2018-07-14,55751.01,equipment
470,22,2018-07-18,53163.06,consultancy
471,31,2018-07-18,32265.46,consultancy
472,31,2018-07-18,17780.21,consultancy
473,16,2018-07-23,29964.79,personnel
474,31,2018-07-23,39401.83,equipment
475,28,2018-07-26,60756.55,equipment
476,24,2018-07-29,23647.32,personnel
477,33,2018-08-01,31571.49,consultancy
478,20,2018-08-02,46358.12,training
479,16,2018-08-08,60646.12,personnel
480,30,2018-08-10,59896.22,personnel
481,24,2018-08-13,17653.02,travel
482,28,2018-08-13,47468.24,grants
483,33,2018-08-16,57311.99,equipment
484,22,2018-08-17,15631.46,personnel
485,34,2018-08-17,54720.82,personnel
486,34,2018-08-17,54720.82,personnel
487,28,2018-08-18,38477.97,training
488,35,2018-08-18,57095.76,personnel
489,35,2018-08-18,56397.48,personnel
490,30,2018-08-20,26541.47,personnel
491,28,2018-08-25,67599.97,equipment
492,25,2018-08-28,48331.76,equipment
493,22,2018-08-29,30279.62,equipment
494,31,2018-08-29,32292.51,personnel
495,25,2018-09-07,56905.48,personnel
496,20,2018-09-12,49090.55,travel
497,28,2018-09-13,62111.05,personnel
498,35,2018-09-13,73052.05,grants
499,29,2018-09-22,59575.38,personnel
500,35,2018-10-01,60034.99,grants
501,30,2018-10-04,61866.96,personnel
502,30,2018-10-06,53288.64,consultancy
503,33,2018-10-08,11454.05,grants
504,32,2018-10-14,61070.62,personnel
505,31,2018-10-19,19930.29,equipment
506,37,2018-10-19,62073.31,grants
507,36,2018-10-21,30430.72,equipment
508,38,2018-10-26,43145.07,consultancy
509,22,2018-10-27,37134.79,consultancy
510,35,2018-10-27,16871.86,personnel
511,30,2018-10-28,25701.23,grants
512,16,2018-10-29,23707.84,personnel
513,24,2018-11-03,80214.81,grants
514,31,2018-11-05,27269.76,travel
515,38,2018-11-09,13872.07,consultancy
516,35,2018-11-10,32987.03,personnel
517,35,2018-11-10,34456.38,grants
518,19,2018-11-11,25254.52,grants
519,16,2018-11-12,65262.18,travel
520,32,2018-11-15,58163.26,grants
521,38,2018-11-16,56257.59,grants
522,34,2018-11-17,18427.53,training
523,32,2018-11-18,34375.79,travel
524,35,2018-11-18,34086.18,personnel
525,37,2018-11-18,70811.84,training
526,37,2018-11-20,22433.86,equipment
527,16,2018-11-21,55814.84,grants
528,31,2018-11-21,52708.64,travel
529,31,2018-11-27,40358.40,equipment
530,35,2018-11-30,22223.45,grants
531,35,2018-11-30,39006.12,grants
532,41,2018-12-01,49496.03,training
533,33,2018-12-03,27675.58,grants
534,37,2018-12-03,48007.11,consultancy
535,35,2018-12-05,62271.24,personnel
536,36,2018-12-06,18614.81,personnel
537,30,2018-12-07,57721.13,personnel
538,35,2018-12-09,27103.82,personnel
539,35,2018-12-09,27103.82,personnel
540,37,2018-12-09,62621.23,personnel
541,35,2018-12-10,23319.49,travel
542,20,2018-12-11,36591.31,consultancy
543,19,2018-12-13,31669.59,equipment
544,31,2018-12-15,61355.94,consultancy
545,39,2018-12-17,21609.69,consultancy
546,35,2018-12-21,32058.29,personnel
547,35,2018-12-23,45962.86,travel
548,31,2018-12-24,63067.97,grants
549,29,2018-12-25,16119.31,grants
550,37,2018-12-31,65078.25,travel
551,38,2018-12-31,22167.03,personnel
552,25,2019-01-02,64329.80,consultancy
553,35,2019-01-03,22974.27,travel
554,40,2019-01-03,39545.21,travel
555,37,2019-01-04,78903.11,equipment
556,22,2019-01-06,77651.29,personnel
557,35,2019-01-08,68226.30,consultancy
558,24,2019-01-09,48281.72,equipment
559,35,2019-01-09,54817.25,personnel
560,38,2019-01-09,57880.69,grants
561,40,2019-01-09,55049.29,grants
562,34,2019-01-15,49710.64,personnel
563,20,2019-01-17,44928.66,personnel
564,40,2019-01-19,27412.61,equipment
565,40,2019-01-19,79692.24,training
566,40,2019-01-20,36289.07,personnel
567,31,2019-01-23,18565.15,consultancy
568,31,2019-01-25,44549.09,personnel
569,40,2019-01-25,49270.04,grants
570,38,2019-01-28,66818.81,grants
571,37,2019-02-05,46151.10,consultancy
572,36,2019-02-07,49794.34,travel
573,22,2019-02-13,29502.98,travel
574,42,2019-02-15,41171.73,consultancy
575,41,2019-02-16,48894.63,travel
576,35,2019-02-18,28139.65,personnel
577,25,2019-02-23,41386.09,equipment
578,40,2019-02-24,47140.21,consultancy
579,24,2019-03-02,24143.77,grants
580,35,2019-03-05,34013.42,personnel
581,37,2019-03-08,19387.91,personnel
582,41,2019-03-11,24979.56,consultancy
583,40,2019-03-12,16494.68,grants
584,37,2019-03-14,55810.02,personnel
585,38,2019-03-14,30111.12,personnel
586,39,2019-03-15,58482.96,grants
587,24,2019-03-17,40498.13,consultancy
588,37,2019-03-17,21873.08,travel
589,38,2019-03-17,64904.97,grants
590,21,2019-03-18,42869.06,personnel
591,21,2019-03-18,42869.06,personnel
592,36,2019-03-19,61229.09,travel
593,20,2019-03-27,58453.40,travel
594,38,2019-03-28,32612.55,personnel
595,24,2019-03-29,19416.68,consultancy
596,37,2019-03-31,58740.77,travel
597,40,2019-03-31,68905.42,training
598,20,2019-04-02,27474.84,personnel
599,33,2019-04-07,51486.55,training
600,38,2019-04-10,29760.76,travel
601,29,2019-04-11,18825.68,grants
602,35,2019-04-13,69864.86,travel
603,37,2019-04-14,74352.56,personnel
604,42,2019-04-14,28858.02,training
605,35,2019-04-17,48326.05,equipment
606,35,2019-04-26,71430.51,travel
607,20,2019-04-27,51606.66,consultancy
608,39,2019-04-28,49622.20,personnel
609,35,2019-05-01,32491.38,consultancy
610,39,2019-05-04,63471.25,grants
611,42,2019-05-04,61424.65,travel
612,44,2019-05-07,66875.98,travel
613,35,2019-05-08,64716.19,personnel
614,40,2019-05-08,64487.84,consultancy
615,27,2019-05-09,24908.36,consultancy
616,22,2019-05-18,69606.58,consultancy
617,37,2019-05-19,22646.95,personnel
618,41,2019-05-22,21438.21,consultancy
619,41,2019-05-22,21438.21,consultancy
620,47,2019-05-24,19137.01,consultancy
621,22,2019-05-26,43344.61,grants
622,41,2019-05-26,38643.73,grants
623,35,2019-05-27,64692.39,training
624,37,2019-05-27,49321.10,equipment
625,45,2019-05-30,44809.94,equipment
626,33,2019-06-02,61372.58,grants
627,40,2019-06-02,21192.66,equipment
628,39,2019-06-05,16498.49,training
629,33,2019-06-06,39341.51,grants
630,40,2019-06-06,15767.54,equipment
631,37,2019-06-08,45947.66,training
632,37,2019-06-17,73692.30,consultancy
633,47,2019-06-18,24168.05,personnel
634,34,2019-06-19,71069.84,personnel
635,33,2019-06-21,26776.20,equipment
636,33,2019-06-21,26776.20,equipment
637,21,2019-06-24,42444.85,grants
638,44,2019-06-24,23361.95,grants
639,44,2019-06-24,23361.95,grants
640,45,2019-07-06,21671.86,training
641,27,2019-07-08,55970.30,grants
642,46,2019-07-08,33666.75,equipment
643,41,2019-07-09,82746.86,personnel
644,37,2019-07-10,14570.02,training
645,45,2019-07-14,25734.98,personnel
646,25,2019-07-16,30782.54,training
647,25,2019-07-16,30782.54,training
648,36,2019-07-17,19202.80,equipment
649,45,2019-07-17,13761.49,travel
650,25,2019-07-19,44976.49,training
651,44,2019-07-19,49761.92,equipment
652,43,2019-07-20,70844.46,personnel
653,22,2019-07-25,56698.43,equipment
654,46,2019-07-25,42375.72,personnel
655,29,2019-07-26,21523.78,equipment
656,22,2019-07-28,26265.82,grants
657,40,2019-07-30,25153.97,consultancy
658,27,2019-07-31,18229.85,consultancy
659,38,2019-07-31,64143.24,grants
660,40,2019-07-31,17694.76,personnel
661,47,2019-08-02,67108.69,consultancy
662,40,2019-08-03,37924.08,equipment
663,47,2019-08-05,77106.03,grants
664,38,2019-08-06,28804.21,personnel
665,33,2019-08-15,40407.07,grants
666,39,2019-08-19,24235.73,personnel
667,43,2019-08-19,56425.04,consultancy
668,41,2019-08-20,97311.41,equipment
669,45,2019-08-20,44222.76,equipment
670,41,2019-08-23,41377.47,travel
671,33,2019-08-24,35965.88,personnel
672,37,2019-08-25,65487.82,grants
673,40,2019-08-25,68508.44,equipment
674,41,2019-08-25,50143.75,personnel
675,40,2019-09-01,63423.87,travel
676,40,2019-09-05,49425.91,travel
677,41,2019-09-05,61440.46,consultancy
678,41,2019-09-06,74574.63,personnel
679,41,2019-09-06,79931.87,grants
680,37,2019-09-07,27568.10,equipment
681,38,2019-09-09,24570.49,personnel
682,45,2019-09-12,46624.97,training
683,41,2019-09-15,53897.82,equipment
684,38,2019-09-21,60724.19,personnel
685,20,2019-10-02,14021.81,personnel
686,37,2019-10-05,63698.18,training
687,46,2019-10-13,51728.04,training
688,22,2019-10-15,52765.50,training
689,38,2019-10-15,33679.29,personnel
690,25,2019-10-19,41080.36,personnel
691,29,2019-10-24,72400.94,personnel
692,43,2019-10-24,36742.07,personnel
693,38,2019-10-28,38529.66,grants
694,38,2019-10-30,59028.27,travel
695,22,2019-11-01,62457.63,grants
696,38,2019-11-01,12501.72,personnel
697,33,2019-11-03,39446.02,grants
698,37,2019-11-07,45466.58,consultancy
699,39,2019-11-08,22002.71,personnel
700,39,2019-11-09,55197.63,consultancy
701,25,2019-11-11,40484.50,personnel
702,39,2019-11-12,26941.84,consultancy
703,41,2019-11-14,34067.23,personnel
704,22,2019-11-15,20426.94,personnel
705,25,2019-11-18,61728.44,personnel
706,42,2019-11-21,43931.02,consultancy
707,25,2019-11-30,63896.44,personnel
708,43,2019-12-01,67384.34,personnel
709,41,2019-12-03,19752.81,travel
710,44,2019-12-06,34254.40,grants
711,22,2019-12-11,32710.21,personnel
712,37,2019-12-11,45679.56,equipment
713,33,2019-12-12,36532.53,grants
714,38,2019-12-13,56949.81,equipment
715,41,2019-12-15,86480.89,personnel
716,44,2019-12-22,13768.28,training
717,44,2019-12-23,55196.87,personnel
718,40,2019-12-24,33209.86,training
719,39,2019-12-28,57446.30,grants
720,46,2020-01-02,33939.39,training
721,42,2020-01-09,12204.55,grants
722,40,2020-01-10,79939.06,travel
723,37,2020-01-11,17622.35,equipment
724,38,2020-01-15,30993.89,travel
725,45,2020-01-18,46700.58,grants
726,38,2020-01-25,14637.93,consultancy
727,46,2020-01-28,39122.92,consultancy
728,44,2020-02-13,33626.51,personnel
729,41,2020-02-22,48868.74,training
730,40,2020-02-25,21174.83,consultancy
731,47,2020-03-05,51195.12,equipment
732,33,2020-03-16,30537.88,grants
733,38,2020-03-18,35468.52,training
734,38,2020-03-20,49078.33,grants
735,33,2020-03-21,15633.07,personnel
736,46,2020-03-26,42033.46,travel
737,38,2020-04-03,46546.30,consultancy
738,46,2020-04-03,50351.58,grants
739,41,2020-04-05,24850.57,personnel
740,39,2020-04-09,22071.08,grants
741,44,2020-04-09,54411.38,personnel
742,36,2020-04-12,47575.97,grants
743,38,2020-04-14,18418.10,equipment
744,39,2020-04-14,56012.31,personnel
745,41,2020-04-17,27391.63,personnel
746,48,2020-04-20,69319.06,equipment
747,49,2020-04-24,67116.40,grants
748,41,2020-04-25,20690.69,personnel
749,41,2020-04-25,34483.02,personnel
750,44,2020-05-01,67288.57,consultancy
751,38,2020-05-07,62470.40,equipment
752,21,2020-05-09,40688.07,personnel
753,42,2020-05-09,39050.91,equipment
754,46,2020-05-17,30878.53,personnel
755,43,2020-05-20,83276.02,consultancy
756,38,2020-05-23,40434.48,personnel
757,44,2020-05-27,22579.27,grants
758,42,2020-06-05,39892.21,grants
759,45,2020-06-09,44107.91,travel
760,33,2020-06-14,12368.88,grants
761,42,2020-06-14,13918.26,equipment
762,36,2020-06-15,31550.08,personnel
763,44,2020-07-13,24912.96,travel
764,43,2020-07-20,31970.45,training
765,39,2020-07-28,63394.51,travel
766,46,2020-07-29,17082.04,consultancy
767,44,2020-08-13,67000.95,equipment
768,47,2020-08-21,17592.84,grants
769,41,2020-08-24,37433.09,equipment
770,44,2020-09-20,32542.24,consultancy
771,43,2020-09-26,26513.51,grants
772,42,2020-09-29,30028.65,training
773,42,2020-10-02,29324.02,personnel
774,50,2020-10-04,39540.30,equipment
775,45,2020-10-08,31170.00,travel
776,42,2020-10-11,29970.19,equipment
777,42,2020-10-11,52081.34,personnel
778,33,2020-10-12,50058.58,consultancy
779,49,2020-10-17,69724.69,consultancy
780,47,2020-10-19,54174.52,personnel
781,33,2020-10-20,61129.28,personnel
782,48,2020-10-26,30424.58,equipment
783,50,2020-10-31,66796.40,personnel
784,33,2020-11-07,23041.08,personnel
785,44,2020-11-07,42518.94,training
786,52,2020-11-08,65936.58,personnel
787,48,2020-11-09,44986.51,training
788,39,2020-11-16,14482.77,grants
789,33,2020-11-17,62694.26,personnel
790,47,2020-11-17,43452.37,personnel
791,45,2020-11-22,69537.42,personnel
792,39,2020-11-23,24805.50,grants
793,52,2020-11-25,43418.48,travel
794,42,2020-11-30,16684.76,personnel
795,53,2020-12-01,22972.94,travel
796,45,2020-12-02,34546.87,equipment
797,45,2020-12-10,41338.70,travel
798,50,2020-12-11,60560.09,grants
799,45,2020-12-13,52293.17,grants
800,39,2020-12-15,57100.04,grants
801,33,2020-12-19,45817.19,personnel
802,49,2020-12-19,14435.05,travel
803,33,2020-12-20,43660.60,personnel
804,51,2020-12-21,76889.79,personnel
805,50,2020-12-22,71568.61,consultancy
806,52,2020-12-22,23134.32,personnel
807,44,2020-12-26,29649.64,travel
808,39,2021-01-02,55427.53,equipment
809,48,2021-01-05,28045.54,consultancy
810,45,2021-01-06,46665.49,travel
811,53,2021-01-19,44066.15,personnel
812,36,2021-01-20,80922.27,training
813,33,2021-01-29,62814.71,grants
814,50,2021-01-31,20413.28,personnel
815,33,2021-02-02,33278.09,personnel
816,50,2021-02-16,25123.32,personnel
817,33,2021-02-19,23858.36,grants
818,36,2021-02-19,43757.43,personnel
819,50,2021-02-20,36008.29,equipment
820,47,2021-02-22,54381.98,grants
821,51,2021-02-23,50599.88,personnel
822,47,2021-02-24,74458.63,equipment
823,51,2021-02-25,36611.07,travel
824,51,2021-02-26,46305.11,grants
825,54,2021-02-28,77440.51,personnel
826,51,2021-03-01,49540.96,consultancy
827,45,2021-03-05,33385.38,consultancy
828,43,2021-03-09,89882.45,personnel
829,45,2021-03-09,62691.74,personnel
830,44,2021-03-10,57004.91,equipment
831,50,2021-03-10,26543.24,equipment
832,50,2021-03-11,58507.25,equipment
833,33,2021-03-19,38336.05,grants
834,42,2021-03-19,43009.12,consultancy
835,42,2021-03-19,43009.12,consultancy
836,50,2021-03-26,56952.10,equipment
837,50,2021-03-26,45738.16,personnel
838,49,2021-03-27,46155.41,grants
839,52,2021-03-29,22593.39,training
840,46,2021-03-31,60950.59,personnel
841,50,2021-04-02,71995.42,travel
842,50,2021-04-06,62067.23,equipment
843,42,2021-04-07,63515.38,training
844,50,2021-04-08,34926.36,consultancy
845,50,2021-04-09,19205.78,personnel
846,39,2021-04-12,25246.05,travel
847,53,2021-04-12,27447.51,travel
848,33,2021-04-14,48761.35,personnel
849,53,2021-04-14,41921.79,personnel
850,54,2021-04-14,69753.79,training
851,52,2021-04-16,85707.95,consultancy
852,44,2021-04-26,66580.39,personnel
853,54,2021-04-28,70559.83,travel
854,33,2021-04-30,27553.03,personnel
855,33,2021-05-03,53390.96,grants
856,50,2021-05-07,48082.92,consultancy
857,45,2021-05-17,37291.24,equipment
858,50,2021-05-23,18744.76,grants
859,33,2021-05-26,21938.74,travel
860,50,2021-05-26,20379.90,grants
861,50,2021-05-26,20379.90,grants
862,51,2021-05-26,39064.39,personnel
863,51,2021-05-27,72572.45,equipment
864,54,2021-05-30,16902.11,equipment
865,42,2021-05-31,16094.24,personnel
866,54,2021-06-01,83702.20,travel
867,46,2021-06-03,49668.19,personnel
868,52,2021-06-18,42800.82,training
869,56,2021-06-21,19928.90,consultancy
870,50,2021-06-25,54331.12,travel
871,51,2021-06-28,70805.45,travel
872,52,2021-07-02,64445.97,training
873,54,2021-07-03,43576.36,training
874,52,2021-07-06,34607.99,grants
875,45,2021-07-11,54762.48,personnel
876,42,2021-07-14,58862.50,personnel
877,42,2021-07-14,61160.01,grants
878,45,2021-07-16,56511.23,consultancy
879,51,2021-07-19,66725.77,grants
880,43,2021-07-23,65580.26,equipment
881,33,2021-07-29,16694.61,travel
882,42,2021-07-29,63009.41,personnel
883,48,2021-07-30,41655.92,grants
884,44,2021-07-31,29669.94,training
885,33,2021-08-02,35433.18,consultancy
886,46,2021-08-02,57873.93,personnel
887,55,2021-08-03,45635.36,personnel
888,54,2021-08-04,26680.36,personnel
889,48,2021-08-05,63672.89,grants
890,42,2021-08-08,55256.75,personnel
891,50,2021-08-15,53656.91,consultancy
892,52,2021-08-16,24776.34,training
893,46,2021-08-19,53870.91,consultancy
894,52,2021-08-20,24007.66,personnel
895,54,2021-08-24,30992.72,consultancy
896,54,2021-08-27,20860.69,grants
897,54,2021-08-27,76959.78,personnel
898,43,2021-09-04,63701.36,grants
899,54,2021-09-05,75164.19,equipment
900,50,2021-09-07,31029.48,travel
901,54,2021-09-27,60354.40,training
902,54,2021-09-28,87834.42,training
903,50,2021-10-11,27750.80,grants
904,52,2021-10-16,78735.08,training
905,54,2021-10-16,33340.88,personnel
906,50,2021-10-18,66072.78,grants
907,58,2021-10-19,25317.98,personnel
908,52,2021-10-25,31507.85,personnel
909,42,2021-10-28,21041.96,training
910,50,2021-11-03,36232.26,personnel
911,54,2021-11-07,29348.12,consultancy
912,52,2021-11-10,16683.74,equipment
913,53,2021-11-10,41371.84,equipment
914,52,2021-11-13,28198.37,personnel
915,50,2021-11-19,13122.03,grants
916,50,2021-11-26,56654.11,grants
917,52,2021-11-26,36787.70,personnel
918,46,2021-11-29,10847.57,training
919,44,2021-12-01,39430.62,equipment
920,58,2021-12-04,66886.79,personnel
921,52,2021-12-05,49092.93,equipment
922,52,2021-12-05,49092.93,equipment
923,54,2021-12-05,35032.39,grants
924,53,2021-12-07,43463.89,grants
925,45,2021-12-12,67390.39,consultancy
926,52,2021-12-12,42900.05,grants
927,54,2021-12-12,34158.19,equipment
928,50,2021-12-13,53428.63,grants
929,50,2021-12-17,33925.05,grants
930,52,2021-12-17,38637.09,personnel
931,56,2021-12-17,14814.28,personnel
932,45,2021-12-26,59001.04,grants
933,57,2021-12-27,16490.58,training
934,57,2021-12-27,16490.58,training
935,52,2021-12-28,27990.22,consultancy
936,53,2022-01-10,33763.38,personnel
937,48,2022-01-11,53399.73,personnel
938,54,2022-01-12,78414.36,personnel
939,46,2022-01-13,35043.98,grants
940,54,2022-01-13,74115.70,consultancy
941,50,2022-01-15,36280.03,personnel
942,43,2022-01-16,18616.95,consultancy
943,46,2022-01-17,38269.85,personnel
944,50,2022-01-18,65871.95,personnel
945,50,2022-01-18,65871.95,personnel
946,54,2022-01-19,46119.81,training
947,45,2022-01-22,55638.23,personnel
948,43,2022-01-23,40096.86,training
949,51,2022-01-23,38451.66,consultancy
950,49,2022-01-28,39268.74,equipment
951,52,2022-01-30,16011.10,equipment
952,51,2022-02-09,24546.93,grants
953,48,2022-02-10,20938.02,consultancy
954,49,2022-02-14,21437.06,equipment
955,48,2022-02-19,65794.02,training
956,51,2022-02-19,41525.63,grants
957,50,2022-02-20,43946.60,equipment
958,51,2022-02-23,42812.99,consultancy
959,53,2022-02-24,60644.12,training
960,58,2022-02-26,58204.98,personnel
961,49,2022-03-02,64226.20,personnel
962,52,2022-03-04,21549.39,personnel
963,51,2022-03-05,14120.76,equipment
964,44,2022-03-06,26979.94,consultancy
965,43,2022-03-21,38991.35,personnel
966,48,2022-03-29,46847.07,personnel
967,54,2022-03-31,23616.26,consultancy
968,54,2022-03-31,23616.26,consultancy
969,50,2022-04-02,53614.51,travel
970,58,2022-04-08,65940.06,personnel
971,44,2022-04-09,26545.69,personnel
972,54,2022-04-09,33687.52,equipment
973,60,2022-04-11,40757.44,consultancy
974,52,2022-04-15,41200.10,personnel
975,53,2022-04-19,15527.25,equipment
976,50,2022-04-21,64907.50,personnel
977,48,2022-04-24,25009.31,travel
978,50,2022-04-25,23379.99,travel
979,50,2022-04-26,72019.10,grants
980,53,2022-04-27,26715.78,personnel
981,52,2022-04-28,84554.69,personnel
982,58,2022-05-02,42481.99,consultancy
983,60,2022-05-07,64565.05,personnel
984,56,2022-05-09,17078.27,personnel
985,57,2022-05-19,46104.90,grants
986,54,2022-05-22,27058.89,personnel
987,54,2022-05-23,20745.06,grants
988,58,2022-05-23,59539.71,personnel
989,43,2022-05-25,51235.11,grants
990,52,2022-05-27,48529.39,personnel
991,43,2022-05-29,35095.81,grants
992,56,2022-06-02,16889.94,consultancy
993,51,2022-06-08,74718.37,personnel
994,54,2022-06-12,44838.76,personnel
995,45,2022-06-13,68125.69,consultancy
996,54,2022-06-16,50100.64,personnel
997,52,2022-06-19,77160.40,grants
998,54,2022-06-21,22519.29,personnel
999,54,2022-06-21,85507.60,grants
1000,58,2022-06-24,28216.86,grants
1001,51,2022-06-25,42606.05,equipment
1002,52,2022-06-25,68697.78,travel
1003,55,2022-06-26,34764.07,training
1004,54,2022-06-27,17559.75,travel
1005,53,2022-06-29,37990.37,travel
1006,60,2022-07-02,32804.45,equipment
1007,60,2022-07-06,39983.20,travel
1008,52,2022-07-07,50204.30,personnel
1009,52,2022-07-16,40737.43,personnel
1010,56,2022-07-19,24094.31,equipment
1011,56,2022-07-21,7454.17,grants
1012,52,2022-07-26,61032.81,personnel
1013,52,2022-07-28,68745.66,grants
1014,58,2022-07-28,17339.54,personnel
1015,54,2022-08-02,84626.42,grants
1016,62,2022-08-03,21499.20,grants
1017,61,2022-08-08,14884.79,equipment
1018,45,2022-08-10,30105.43,training
1019,62,2022-08-14,14709.83,consultancy
1020,54,2022-08-22,46025.56,personnel
1021,62,2022-08-22,5293.32,training
1022,58,2022-08-26,12887.44,training
1023,54,2022-08-27,33601.44,equipment
1024,43,2022-08-30,39876.37,grants
1025,56,2022-08-30,9142.84,grants
1026,53,2022-08-31,67412.23,equipment
1027,62,2022-09-03,21068.78,equipment
1028,58,2022-09-09,31763.53,grants
1029,53,2022-09-11,15825.55,training
1030,59,2022-09-12,22821.87,travel
1031,56,2022-09-13,21328.93,personnel
1032,53,2022-09-16,36378.93,consultancy
1033,58,2022-09-16,48740.75,personnel
1034,56,2022-09-18,21924.00,grants
1035,53,2022-09-22,48586.17,personnel
1036,62,2022-10-01,17907.91,personnel
1037,62,2022-10-03,21186.02,equipment
1038,43,2022-10-06,79126.71,consultancy
1039,56,2022-10-12,13886.96,consultancy
1040,61,2022-10-12,26825.82,travel
1041,62,2022-10-17,8214.62,grants
1042,48,2022-10-18,67865.44,personnel
1043,62,2022-10-20,27003.30,training
1044,54,2022-10-21,23180.46,personnel
1045,62,2022-10-27,19998.08,travel
1046,48,2022-11-01,60005.47,travel
1047,58,2022-11-01,36502.06,personnel
1048,60,2022-11-20,29291.22,training
1049,56,2022-11-21,11362.57,consultancy
1050,60,2022-11-28,41740.76,personnel
1051,43,2022-12-05,17975.89,grants
1052,45,2022-12-07,54254.11,travel
1053,62,2022-12-10,6551.38,grants
1054,56,2022-12-17,18293.75,equipment
1055,43,2022-12-22,65139.85,consultancy
1056,45,2022-12-25,16297.37,personnel
1057,54,2023-01-02,90540.58,personnel
1058,63,2023-01-05,43493.25,training
1059,65,2023-01-05,27705.84,travel
1060,64,2023-01-07,36029.88,personnel
1061,54,2023-01-08,19205.76,training
1062,56,2023-01-08,16304.97,consultancy
1063,65,2023-01-09,12585.73,training
1064,54,2023-01-10,72532.82,training
1065,64,2023-01-11,30392.01,travel
1066,54,2023-01-12,87800.65,grants
1067,60,2023-01-14,66094.64,personnel
1068,60,2023-01-18,32387.70,consultancy
1069,54,2023-01-23,61042.59,training
1070,62,2023-01-26,20206.74,training
1071,65,2023-02-01,34001.39,training
1072,59,2023-02-02,50177.09,personnel
1073,60,2023-02-02,34587.53,grants
1074,60,2023-02-03,29696.07,grants
1075,66,2023-02-04,48835.41,grants
1076,66,2023-02-13,61427.11,consultancy
1077,65,2023-02-19,17205.05,grants
1078,59,2023-02-22,80191.76,grants
1079,62,2023-02-25,28427.06,grants
1080,59,2023-02-27,37951.76,equipment
1081,58,2023-03-13,16587.17,grants
1082,54,2023-03-16,89489.84,equipment
1083,61,2023-03-16,21797.46,grants
1084,56,2023-03-17,17329.91,personnel
1085,65,2023-03-18,15056.16,travel
1086,67,2023-03-18,30579.80,equipment
1087,68,2023-03-20,19392.35,grants
1088,68,2023-03-23,30083.83,grants
1089,66,2023-03-24,63221.56,personnel
1090,66,2023-03-25,17709.87,equipment
1091,56,2023-04-02,11381.18,equipment
1092,67,2023-04-03,35778.49,consultancy
1093,65,2023-04-07,12346.34,grants
1094,61,2023-04-08,10631.89,grants
1095,54,2023-04-10,33250.60,grants
1096,58,2023-04-15,30043.71,equipment
1097,66,2023-04-17,31650.36,consultancy
1098,62,2023-04-18,21865.37,grants
1099,66,2023-04-20,24534.70,equipment
1100,59,2023-04-22,55659.54,consultancy
1101,54,2023-04-24,79200.64,consultancy
1102,63,2023-04-26,49021.11,consultancy
1103,69,2023-05-01,16010.00,personnel
1104,64,2023-05-02,31264.14,grants
1105,55,2023-05-04,44611.96,equipment
1106,62,2023-05-06,28487.80,personnel
1107,68,2023-05-09,14239.77,equipment
1108,64,2023-05-11,10443.31,training
1109,58,2023-05-13,45731.13,travel
1110,54,2023-05-15,61985.12,training
1111,63,2023-05-15,13003.08,personnel
1112,64,2023-05-15,30632.08,training
1113,66,2023-05-16,43970.43,travel
1114,62,2023-05-18,28447.97,personnel
1115,65,2023-05-19,26509.48,travel
1116,66,2023-05-26,39086.40,consultancy
1117,58,2023-05-27,66573.30,equipment
1118,69,2023-05-31,17485.35,travel
1119,55,2023-06-02,26511.38,personnel
1120,66,2023-06-05,49208.81,equipment
1121,62,2023-06-07,8559.51,personnel
1122,65,2023-06-08,32906.85,training
1123,67,2023-06-19,20798.74,personnel
1124,69,2023-06-19,19822.24,grants
1125,62,2023-06-21,24103.03,grants
1126,60,2023-06-23,63002.78,travel
1127,55,2023-06-25,9971.93,training
1128,67,2023-06-25,22326.58,grants
1129,60,2023-07-01,26707.31,equipment
1130,62,2023-07-02,29568.89,grants
1131,69,2023-07-04,38400.08,personnel
1132,48,2023-07-05,57978.90,personnel
1133,62,2023-07-13,27911.67,equipment
1134,71,2023-07-15,22002.55,personnel
1135,66,2023-07-16,30138.88,personnel
1136,63,2023-07-19,67049.43,training
1137,57,2023-07-23,52331.01,grants
1138,60,2023-07-23,62040.91,travel
1139,65,2023-07-26,15857.98,personnel
1140,62,2023-07-27,11198.24,equipment
1141,67,2023-07-28,28819.59,grants
1142,62,2023-08-02,20601.52,grants
1143,71,2023-08-04,19946.79,grants
1144,69,2023-08-24,31258.71,equipment
1145,61,2023-08-29,12982.37,travel
1146,70,2023-08-30,27416.59,grants
1147,65,2023-08-31,26429.60,consultancy
1148,72,2023-09-08,28918.43,consultancy
1149,72,2023-09-08,28918.43,consultancy
1150,69,2023-09-09,17279.92,grants
1151,72,2023-09-09,35841.24,training
1152,69,2023-09-10,38238.26,grants
1153,69,2023-09-13,32761.62,grants
1154,69,2023-09-14,28545.10,travel
1155,65,2023-09-17,22796.49,grants
1156,69,2023-09-18,8327.54,grants
1157,65,2023-09-19,26102.66,consultancy
1158,60,2023-09-20,31558.63,personnel
1159,69,2023-09-21,10275.97,equipment
1160,66,2023-09-29,83585.30,travel
1161,71,2023-10-02,33899.57,personnel
1162,69,2023-10-04,14142.47,equipment
1163,73,2023-10-06,18461.53,equipment
1164,72,2023-10-07,22750.44,travel
1165,73,2023-10-09,27703.15,equipment
1166,72,2023-10-11,24983.05,consultancy
1167,72,2023-10-12,38080.99,personnel
1168,69,2023-10-14,32025.34,personnel
1169,56,2023-10-18,18850.24,grants
1170,73,2023-10-20,25969.92,personnel
1171,73,2023-10-24,30900.24,consultancy
1172,60,2023-10-27,38808.23,equipment
1173,73,2023-10-28,27209.63,training
1174,69,2023-10-29,20649.52,grants
1175,71,2023-11-04,8700.30,grants
1176,71,2023-11-08,31275.50,personnel
1177,65,2023-11-10,38182.52,equipment
1178,73,2023-11-10,29079.53,travel
1179,61,2023-11-11,5985.67,travel
1180,65,2023-11-11,11097.48,personnel
1181,66,2023-11-15,90171.90,grants
1182,69,2023-11-15,27086.24,personnel
1183,60,2023-11-20,55854.75,personnel
1184,62,2023-11-20,10072.92,training
1185,66,2023-11-22,50878.06,personnel
1186,55,2023-11-23,42073.89,travel
1187,65,2023-11-25,23977.56,equipment
1188,72,2023-11-27,33179.34,grants
1189,68,2023-11-29,23159.50,travel
1190,69,2023-12-05,29611.44,grants
1191,70,2023-12-05,49346.88,personnel
1192,66,2023-12-06,57903.72,training
1193,69,2023-12-06,33878.12,equipment
1194,69,2023-12-06,21538.30,personnel
1195,55,2023-12-08,35497.51,equipment
1196,67,2023-12-12,24949.02,travel
1197,70,2023-12-14,25154.14,equipment
1198,60,2023-12-15,34782.09,grants
1199,67,2023-12-16,25434.09,personnel
1200,67,2023-12-16,11806.47,personnel
1201,67,2023-12-16,20653.90,grants
1202,73,2023-12-17,15953.12,equipment
1203,64,2023-12-19,22147.08,grants
1204,67,2023-12-20,11403.67,equipment
1205,69,2023-12-27,9065.59,equipment
1206,72,2024-01-07,11318.05,training
1207,69,2024-01-08,10032.20,consultancy
1208,71,2024-01-10,6847.64,travel
1209,69,2024-01-15,26763.94,consultancy
1210,69,2024-01-18,40345.71,equipment
1211,72,2024-01-24,27224.40,personnel
1212,68,2024-01-25,37291.94,travel
1213,71,2024-01-25,9975.68,grants
1214,73,2024-01-27,13911.29,grants
1215,72,2024-01-28,36802.66,equipment
1216,65,2024-01-29,10224.82,consultancy
1217,65,2024-02-06,38662.14,personnel
1218,75,2024-02-06,28096.67,travel
1219,69,2024-02-08,36055.71,personnel
1220,69,2024-02-08,28695.48,grants
1221,62,2024-02-09,14387.03,personnel
1222,75,2024-02-11,21850.74,equipment
1223,75,2024-02-13,37906.63,equipment
1224,72,2024-02-16,28420.70,equipment
1225,75,2024-02-18,25262.51,travel
1226,74,2024-02-27,39119.62,grants
1227,69,2024-03-01,29967.77,travel
1228,69,2024-03-09,20377.56,personnel
1229,69,2024-03-09,20377.56,personnel
1230,70,2024-03-09,16829.71,consultancy
1231,74,2024-03-09,47267.17,consultancy
1232,76,2024-03-09,7992.35,personnel
1233,70,2024-03-11,82817.85,personnel
1234,72,2024-03-11,36018.04,personnel
1235,62,2024-03-12,18677.91,grants
1236,72,2024-03-12,16206.96,grants
1237,62,2024-03-14,15146.29,consultancy
1238,67,2024-03-14,12040.63,equipment
1239,75,2024-03-14,14687.36,consultancy
1240,72,2024-03-23,31368.33,grants
1241,72,2024-03-24,9289.85,training
1242,72,2024-03-25,34641.83,consultancy
1243,61,2024-03-26,6112.01,grants
1244,72,2024-03-26,20735.59,consultancy
1245,75,2024-03-28,16322.22,personnel
1246,67,2024-03-30,25370.78,consultancy
1247,72,2024-03-31,15103.53,travel
1248,75,2024-03-31,43395.95,personnel
1249,75,2024-04-02,26754.04,equipment
1250,75,2024-04-04,40110.90,travel
1251,65,2024-04-05,8701.93,grants
1252,70,2024-04-05,67933.24,personnel
1253,72,2024-04-05,12868.70,grants
1254,71,2024-04-07,13882.25,grants
1255,70,2024-04-08,35916.48,training
1256,75,2024-04-08,12112.49,grants
1257,57,2024-04-11,29558.60,personnel
1258,69,2024-04-12,16803.66,travel
1259,75,2024-04-14,16408.84,grants
1260,65,2024-04-15,24417.04,consultancy
1261,76,2024-04-15,8700.88,travel
1262,57,2024-04-17,23138.03,travel
1263,72,2024-04-20,21673.48,grants
1264,77,2024-04-22,20817.44,training
1265,57,2024-04-23,44014.88,consultancy
1266,69,2024-04-30,24420.03,grants
1267,78,2024-05-03,41712.15,consultancy
1268,75,2024-05-05,44971.62,personnel
1269,75,2024-05-07,36047.79,consultancy
1270,78,2024-05-08,35397.60,consultancy
1271,63,2024-05-11,27945.82,grants
1272,69,2024-05-11,13371.83,equipment
1273,73,2024-05-11,13935.81,personnel
1274,73,2024-05-11,13935.81,personnel
1275,62,2024-05-12,23420.97,personnel
1276,69,2024-05-18,27981.50,consultancy
1277,75,2024-05-18,51865.73,equipment
1278,77,2024-05-20,12949.94,equipment
1279,78,2024-05-20,36965.59,equipment
1280,74,2024-05-22,36170.29,travel
1281,78,2024-05-22,25903.15,training
1282,78,2024-05-24,37212.89,personnel
1283,65,2024-05-28,24908.87,training
1284,63,2024-05-30,38082.08,equipment
1285,67,2024-05-31,31719.21,training
1286,71,2024-06-01,22923.23,personnel
1287,80,2024-06-02,13008.13,consultancy
1288,80,2024-06-03,6178.78,equipment
1289,65,2024-06-04,30287.32,consultancy
1290,71,2024-06-04,37528.57,travel
1291,80,2024-06-04,18731.65,training
1292,79,2024-06-05,23524.50,equipment
1293,78,2024-06-07,33907.66,equipment
1294,71,2024-06-08,31072.96,equipment
1295,78,2024-06-08,51831.50,personnel
1296,79,2024-06-09,25007.08,equipment
1297,75,2024-06-11,9874.43,personnel
1298,78,2024-06-11,17149.11,equipment
1299,78,2024-06-11,17149.11,equipment
1300,77,2024-06-14,15660.65,personnel
1301,60,2024-06-17,17183.64,personnel
1302,69,2024-06-17,21200.96,personnel
1303,80,2024-06-18,21803.48,personnel
1304,62,2024-06-20,9693.84,personnel
1305,76,2024-06-20,9584.93,travel
1306,75,2024-06-21,17531.45,equipment
1307,80,2024-06-23,22472.88,consultancy
1308,77,2024-06-24,38910.54,training
1309,72,2024-06-25,10940.26,consultancy
1310,74,2024-06-26,26921.27,consultancy
1311,55,2024-06-28,19432.76,personnel
1312,60,2024-06-28,26623.11,travel
1313,69,2024-06-28,14564.69,equipment
1314,73,2024-06-30,15693.89,grants
1315,79,2024-06-30,42067.65,training
1316,74,2024-07-01,21973.82,personnel
1317,74,2024-07-03,46534.16,equipment
1318,57,2024-07-05,54241.91,travel
1319,72,2024-07-05,22743.35,personnel
1320,77,2024-07-06,27231.76,personnel
1321,70,2024-07-07,27818.83,travel
1322,77,2024-07-08,13457.98,travel
1323,79,2024-07-09,47727.37,grants
1324,79,2024-07-09,26411.58,personnel
1325,67,2024-07-10,18410.62,consultancy
1326,72,2024-07-10,38830.30,consultancy
1327,80,2024-07-11,15179.14,equipment
1328,80,2024-07-12,14671.10,personnel
1329,75,2024-07-14,45034.03,consultancy
1330,60,2024-07-15,56045.89,personnel
1331,71,2024-07-15,33542.55,grants
1332,80,2024-07-15,10410.11,grants
1333,76,2024-07-16,15420.46,grants
1334,73,2024-07-17,13477.50,equipment
1335,78,2024-07-17,43374.70,consultancy
1336,79,2024-07-17,34325.52,consultancy
1337,79,2024-07-17,41100.79,personnel
1338,80,2024-07-17,8608.92,training
1339,60,2024-07-18,71724.45,travel
1340,69,2024-07-18,22522.53,grants
1341,70,2024-07-19,34631.86,equipment
1342,68,2024-07-20,34964.31,consultancy
1343,72,2024-07-20,30294.51,consultancy
1344,75,2024-07-20,16151.26,grants
1345,80,2024-07-20,16266.90,travel
1346,55,2024-07-24,23458.85,grants
1347,71,2024-07-24,23345.80,travel
1348,79,2024-07-24,25232.43,grants
1349,72,2024-07-27,14452.57,personnel
1350,79,2024-07-27,29614.10,personnel
1351,80,2024-07-31,14375.20,grants
1352,75,2024-08-03,47366.12,personnel
1353,75,2024-08-04,11315.89,consultancy
1354,80,2024-08-04,25275.62,travel
1355,76,2024-08-06,26114.56,consultancy
1356,79,2024-08-07,45931.49,travel
1357,80,2024-08-09,16237.43,grants
1358,75,2024-08-12,41811.88,personnel
1359,73,2024-08-15,21256.31,equipment
1360,75,2024-08-15,33817.92,consultancy
1361,79,2024-08-15,28662.57,personnel
1362,80,2024-08-15,10575.81,personnel
1363,75,2024-08-16,49636.60,travel
1364,72,2024-08-17,36242.31,consultancy
1365,79,2024-08-17,17387.94,consultancy
1366,80,2024-08-17,16447.25,consultancy
1367,62,2024-08-18,5861.66,equipment
1368,70,2024-08-19,39502.79,personnel
1369,79,2024-08-19,27375.80,grants
1370,56,2024-08-20,19766.38,grants
1371,72,2024-08-21,17427.91,equipment
1372,75,2024-08-22,53616.73,personnel
1373,75,2024-08-22,50833.81,travel
1374,79,2024-08-22,9941.40,grants
1375,80,2024-08-23,17667.60,training
1376,80,2024-08-23,26061.78,grants
1377,71,2024-08-24,11242.41,personnel
1378,80,2024-08-24,17921.30,personnel
1379,80,2024-08-26,5885.66,consultancy
1380,60,2024-08-28,30244.66,consultancy
1381,65,2024-08-29,27899.56,personnel
1382,68,2024-08-29,23638.57,travel
1383,69,2024-08-29,18314.64,personnel
1384,71,2024-08-30,14581.79,grants
1385,60,2024-09-01,14921.20,consultancy
1386,62,2024-09-01,9274.00,consultancy
1387,65,2024-09-01,31113.82,personnel
1388,72,2024-09-02,24673.33,grants
1389,77,2024-09-03,22041.31,travel
1390,78,2024-09-04,49299.90,grants
1391,79,2024-09-06,28767.34,travel
1392,64,2024-09-07,37287.40,consultancy
1393,76,2024-09-08,28743.80,travel
1394,80,2024-09-08,24227.44,grants
1395,69,2024-09-09,7775.58,personnel
1396,69,2024-09-09,7775.58,personnel
1397,73,2024-09-10,20426.72,personnel
1398,75,2024-09-10,15532.54,grants
1399,65,2024-09-11,16864.05,training
1400,74,2024-09-12,25265.13,personnel
1401,69,2024-09-16,11512.13,consultancy
1402,71,2024-09-18,24356.39,personnel
1403,65,2024-09-25,25627.38,grants
1404,76,2024-09-26,14514.25,grants
1405,77,2024-09-27,12360.01,training
1406,60,2024-09-28,53880.38,training
1407,77,2024-09-28,15812.45,grants
1408,79,2024-09-30,15285.97,grants
1409,79,2024-09-30,15053.40,travel
1410,73,2024-10-02,7197.06,consultancy
1411,79,2024-10-02,31423.28,personnel
1412,67,2024-10-03,26829.88,consultancy
1413,79,2024-10-03,11836.03,personnel
1414,69,2024-10-05,34944.20,personnel
1415,75,2024-10-06,37663.38,consultancy
1416,80,2024-10-07,7606.86,consultancy
1417,65,2024-10-09,28734.16,grants
1418,72,2024-10-10,9499.28,equipment
1419,72,2024-10-10,31831.04,equipment
1420,78,2024-10-10,69255.68,grants
1421,68,2024-10-12,30185.32,consultancy
1422,80,2024-10-12,27933.41,personnel
1423,69,2024-10-13,38415.14,equipment
1424,79,2024-10-14,43181.63,personnel
1425,75,2024-10-15,34391.79,grants
1426,80,2024-10-15,9842.62,personnel
1427,78,2024-10-18,26714.89,training
1428,76,2024-10-19,31954.78,personnel
1429,60,2024-10-20,65712.80,personnel
1430,61,2024-10-21,25621.26,consultancy
1431,56,2024-10-22,22462.07,personnel
1432,68,2024-10-25,22233.33,equipment
1433,62,2024-10-26,14188.92,grants
1434,78,2024-10-27,50163.69,consultancy
1435,79,2024-10-30,9577.88,equipment
1436,72,2024-10-31,17568.56,grants
1437,75,2024-11-04,49773.72,personnel
1438,73,2024-11-05,30029.94,training
1439,57,2024-11-06,36137.24,grants
1440,69,2024-11-08,16407.93,consultancy
1441,76,2024-11-09,28885.10,personnel
1442,79,2024-11-13,37519.77,personnel
1443,78,2024-11-17,24028.23,travel
1444,70,2024-11-18,77091.39,personnel
1445,75,2024-11-20,21643.60,consultancy
1446,80,2024-11-22,10819.16,grants
1447,78,2024-11-24,37037.32,personnel
1448,80,2024-11-24,21511.72,consultancy
1449,71,2024-11-25,35540.20,equipment
1450,77,2024-11-25,15612.20,personnel
1451,78,2024-11-26,18781.67,grants
1452,79,2024-11-26,24342.83,personnel
1453,80,2024-11-26,21115.02,travel
1454,78,2024-11-27,21322.81,grants
1455,56,2024-11-28,15328.66,personnel
1456,72,2024-11-28,21281.10,personnel
1457,78,2024-11-28,46199.17,personnel
1458,78,2024-11-28,24165.76,consultancy
1459,80,2024-11-28,10066.33,equipment
1460,80,2024-11-28,10183.62,personnel
1461,76,2024-11-29,38796.87,grants
1462,72,2024-11-30,28087.78,equipment
1463,74,2024-11-30,41642.31,training
1464,62,2024-12-02,13212.66,grants
1465,69,2024-12-03,31541.85,training
1466,76,2024-12-03,7567.21,training
1467,78,2024-12-03,17776.84,training
1468,62,2024-12-04,15904.68,grants
1469,80,2024-12-04,27783.60,personnel
1470,74,2024-12-05,10283.77,travel
1471,75,2024-12-05,54160.39,equipment
1472,70,2024-12-06,30946.34,equipment
1473,75,2024-12-07,16602.58,consultancy
1474,65,2024-12-09,24574.73,personnel
1475,71,2024-12-10,24248.63,consultancy
1476,79,2024-12-10,44247.03,grants
1477,67,2024-12-11,8358.93,consultancy
1478,80,2024-12-12,21464.09,grants
1479,78,2024-12-13,19873.33,equipment
1480,79,2024-12-13,46130.63,consultancy
1481,79,2024-12-17,51426.16,travel
1482,73,2024-12-18,24985.76,personnel
1483,78,2024-12-18,50525.66,equipment
1484,76,2024-12-19,42152.76,personnel
1485,79,2024-12-20,48478.10,personnel
1486,75,2024-12-22,47524.52,training
1487,75,2024-12-24,23341.52,equipment
1488,77,2024-12-24,22370.68,equipment
1489,80,2024-12-24,23081.30,consultancy
1490,69,2024-12-26,19997.81,grants
1491,72,2024-12-27,32658.72,equipment
1492,74,2024-12-27,39239.49,personnel
1493,80,2024-12-27,22003.21,equipment
1494,80,2024-12-27,22804.48,consultancy
1495,79,2024-12-28,32605.57,consultancy
1496,80,2024-12-28,23229.48,equipment
1497,62,2024-12-29,24222.03,grants
1498,73,2024-12-29,11646.88,training
1499,69,2024-12-30,16304.20,equipment
1500,79,2024-12-30,39933.22,travel
